{
	"name":"SNP_data.txt",
	"size":null,
	"rowNums":11,
	"columnNums":5,
	"content":[
		["#geneID","LH01","LH02","LH03","LH04","LH05","ZY01","ZY02","ZY03","ZY04","ZY05"],
		["107403083","0.232546418785179","0.51453168566737","0.0477546753242643","0.0450237294390262","0.170493799351599","0.180764787413618","0.491709617155903","0.465440890183552","0.433832477529988","0.125559204440595"],
		["107403089","0.155239831245789","0","0","0","0.029996214653927","0.106361880620053","0.0351994846683981","0.376076592840428","0","0.0297245980171112"],
		["107403099","0.0632005845120129","0.370460883061118","0.136367732038146","0.112420207371257","0.0837038584036753","0.0820617367106966","0.352049922362132","0.087654100929564","0.1104727999434","0.0222809384268015"],		
		["107403105","0.0671388725679735","0.266996216579548","0.262307000685091","0.105909181049353","0.0654406132293187","0","0.509831129036785","0.196579651955869","0.278636256590704","0"],
		["107403108","1.44479352393647","2.08774602928839","1.42594651922337","1.5284853584086","1.51192639377827","1.51450329872482","2.71665677567116","1.69229759651597","1.75544610819204","1.50064294545288"],
		["107403126","0.0138276751770201","0.305131655303516","0.0398210822009277","0.0984431873922244","0.0272238381169635","0.0133250449220825","0.375191561477746","0.0911555581375715","0.0699965415649298","0.0124193501768957"],		
		["107403138","0.628603740304097","0.0414320265712226","0","0.023587840681421","0.0735704901026956","0.353054913966923","0","0","0.0118725694119429","0.270705999147137"],
		["107403142","0.0238746355742231","0.354668526349726","0.0221439115539304","0.110261351968412","0.0230003974531198","0","0.0487656649173495","0.0224543209321898","0","0.0227904760352864"],		
		["107403244","0.235163362617636","0.395593655270502","0.331314759385506","0.265166476410547","0.257404836500936","0.169577562998905","0.337627661474683","0.611291643190418","0.511993287514063","0.279781726945202"]
	],
	"lines":11,
	"resultFlag":null
}		