{
	"name":"SNP_data.txt",
	"size":null,
	"rowNums":11,
	"columnNums":5,
	"content": [
				["","经度","纬度","亚群1","亚群2","亚群3"],
				["瑞士","7.644626","47.053917","6","7","8"],
				["俄罗斯远东地区","136.244547","51.256371","5","8","9"],
				["美国","-108.485033","41.336102","7","9","10"],
				["蒙古国","103.893361","46.643767","1","2","3"],
				["阿拉伯半岛","45.141133","24.690332","2","1","2"],
				["土库曼斯坦","58.781562","39.797522","1","3","4"],
				["英国","-2.825508","51.797703","8","5","9"],
				["美国","-104.805574","40.667079","5","6","8"],
				["冰岛","-18.853403","64.822651","4","6","4"],
				["美国","-95.23898","40.104339","1","3","4"],
				["挪威","10.752245","59.913144","8","5","9"],
				["印度","78.564133","23.561923","9","3","5"]

	],
	"lines":11,
	"resultFlag":null
}		