{
	"name":"SNP_data.txt",
	"size":null,
	"rowNums":11,
	"columnNums":5,
	"content":[
		["#percent","0-1","1-3","3-15","15-60",">60"],
		["5","0.07151581","0.2712223","0.5181512","0.8206107","0.9770061"],
		["10","0.11317682","0.4004931","0.6865701","0.9305344","0.9967152"],
		["15","0.15809472","0.4727017","0.7734576","0.9684478","0.9981229"],
		["20","0.18889944","0.5551250","0.8379290","0.9806616","1.0000000"],
		["25","0.24277378","0.6248679","0.8760167","0.9890585","1.0000000"],
		["30","0.25227304","0.6710109","0.9083515","0.9928753","1.0000000"],
		["35","0.29909079","0.7182106","0.9325531","0.9972010","1.0000000"],
		["40","0.27873524","0.7643536","0.9535806","0.9989822","1.0000000"],
		["45","0.40181843","0.8055653","0.9688554","0.9997455","1.0000000"],
		["50","0.40968924","0.8400845","0.9801627","0.9997455","1.0000000"],
		["55","0.44049396","0.8679112","0.9877009","0.9994911","1.0000000"],
		["60","0.40724657","0.9031349","0.9926602","1.0000000","1.0000000"],
		["65","0.43995115","0.9295527","0.9950407","1.0000000","1.0000000"],
		["70","0.52734428","0.9510391","0.9978179","1.0000000","1.0000000"],
		["75","0.55597774","0.9682987","0.9992065","1.0000000","1.0000000"],
		["80","0.56520559","0.9834449","0.9996033","1.0000000","1.0000000"],
		["85","0.57999729","0.9904896","1.0000000","1.0000000","1.0000000"],
		["90","0.89564391","0.9971821","1.0000000","1.0000000","1.0000000"],
		["95","0.94178315","0.9982388","1.0000000","1.0000000","1.0000000"],
		["100","1.00000000","1.0000000","1.0000000","1.0000000","1.0000000"]
	],
	"lines":11,
	"resultFlag":null
}		