{
	"name":"SNP_data.txt",
	"size":null,
	"rowNums":11,
	"columnNums":5,
	"lines":11,
	"resultFlag":null,
	"content":[
		["group","sample","pc1","pc2","pc3"],
		["AB","AB01","39.6409","22.0254","7.71947"],
		["AB","AB02","63.5905","15.9253","0.0644593"],
		["AB","AB03","77.5295","13.099","5.1442"],
		["AB","AB04","65.042","10.727","1.00155"],
		["BC","BC01","60.2524","13.8044","6.87759"],
		["BC","BC02","65.7869","21.7427","1.17104"],
		["BC","BC03","77.1303","26.7628","3.58785"],
		["BC","BC04","117.123","27.7187","5.25269"],
		["BC","BC05","95.4892","25.1006","2.01375"],
		["BC","BC06","97.2619","24.5504","1.1646"],
		["BC","BC07","90.422","24.9454","6.45117"],
		["BC","BC08","114.896","26.8105","10.0347"],
		["BC","BC09","87.4308","18.5123","0.0225581"],
		["BC","BC10","90.1896","25.1838","1.35941"],
		["CA","CA01","20.7882","20.6957","38.8891"],
		["CA","CA02","16.7091","24.5782","31.9579"],
		["CA","CA03","21.142","14.2475","35.6465"],
		["CA","CA04","4.75382","21.5986","38.7539"],
		["CA","CA05","18.689","22.8508","35.6569"],
		["DE","DE01","131.418","28.2135","4.41891"],
		["DE","DE02","135.963","29.6942","4.83736"],
		["DE","DE03","132.754","26.7166","8.8909"],
		["DE","DE04","134.054","29.301","5.02675"],
		["DE","DE05","135","32.0588","3.52892"],
		["DE","DE06","138.777","32.1773","4.75296"],
		["DE","DE07","128.067","27.9709","9.48127"],
		["DE","DE08","136.479","31.2511","1.32726"],
		["DE","DE09","123.706","31.1746","3.49882"],
		["DE","DE10","124.422","30.9553","4.28123"],
		["EX","EX01","138.524","9.93633","13.4948"],
		["EX","EX02","151.62","11.7509","20.6747"],
		["EX","EX03","121.523","12.8848","16.2031"],
		["EX","EX04","134.082","11.4609","13.1304"],
		["EX","EX05","143.247","9.70574","15.4831"],
		["EX","EX06","134.271","15.3186","13.5688"],
		["EX","EX07","139.138","11.0483","15.0212"],
		["EX","EX08","144.869","10.6206","17.4194"],
		["EX","EX09","136.827","11.5627","10.2497"],
		["EX","EX10","145.775","11.9362","14.8774"],
		["FP","FP01","156.764","84.747","6.73431"],
		["FP","FP02","152.079","71.5206","3.29437"],
		["FP","FP03","147.244","68.1333","8.42296"],
		["FP","FP04","141.493","74.4882","6.47004"],
		["FP","FP05","141.533","70.5269","1.74427"],
		["FP","FP06","149.227","80.9245","9.29851"],
		["FP","FP07","131.351","66.3629","8.67761"],
		["FP","FP08","147.93","77.5524","12.2994"],
		["FP","FP09","150.752","70.2734","3.12575"],
		["FP","FP10","144.728","65.3172","11.2549"]
	]
}		