{
	"name":"SNP_data.txt",
	"size":null,
	"rowNums":11,
	"columnNums":5,
	"content": [
				["地名","经度","纬度","亚群1","亚群2","亚群3"],
				["Switzerland","7.644626","47.053917","6","7","8"],
				["Russia","136.244547","51.256371","5","8","9"],
				["Mongolia","103.893361","46.643767","1","2","3"],
				["Saudi Arabia","45.141133","24.690332","2","1","2"],
				["Turkmenistan","58.781562","39.797522","1","3","4"],
				["Iceland","-18.853403","64.822651","4","6","4"],
				["America","-95.23898","40.104339","1","3","4"],
				["Norway","10.752245","59.913144","8","5","9"],
				["India","78.564133","23.561923","9","3","5"]

	],
	"lines":11,
	"resultFlag":null
}		