{
	"name":"SNP_data.txt",
	"size":null,
	"rowNums":11,
	"columnNums":5,
	"content": [
		["地名","经度","纬度","亚群1","亚群2","亚群3"],
		["瑞士","7.644626","47.053917","6","7","8"],
		["俄罗斯远东地区","136.244547","51.256371","5","8","9"],
		["捷克","15.284102","49.786133","1","2","3"],
		["白俄罗斯","28.08862","53.623861","2","1","2"],
		["苏丹","27.941442","13.818435","1","3","4"],
		["英国","-2.825508","51.797703","8","5","9"],
		["美国-洛杉矶","-118.206684","34.031441","5","6","8"],
		["美国-芝加哥","-87.519993","41.828895","4","6","4"],
		["加拿大-卡尔加里","-114.196074","51.078664","1","3","4"],
		["挪威","10.752245","59.913144","8","5","9"],
		["印度","78.564133","23.561923","9","3","5"],
		["利比亚","15.872815","26.833276","5","1","1"],
		["巴西","-54.33127","-9.851436","2","1","6"]

	],
	"lines":11,
	"resultFlag":null
}		