{
	"name":"SNP_data.txt",
	"size":null,
	"rowNums":11,
	"columnNums":5,
	"content": [
				["","经度","纬度","亚群1","亚群2","亚群3"],
				["德保","106.620933","23.33095","1","2","9"],
				["甘肃","101.565804","33.942255","3","3","10"],
				["呼伦贝尔","120.546862","48.597548","5","1","1"],
				["伊犁","69.848865","47.894152","3","1","4"],
				["石家庄","114.52533","38.047971","2","1","6"],
				["太原","112.537359","37.953038","1","4","4"],
				["海口","110.319463","20.045651","1","2","1"],
				["哈尔滨","126.543827","45.81249","4","1","19"]
	],
	"lines":11,
	"resultFlag":null
}		